<?xml version="1.0" encoding="UTF-8"?>
<project-private xmlns="http://www.netbeans.org/ns/project-private/1">
    <editor-bookmarks xmlns="http://www.netbeans.org/ns/editor-bookmarks/2" lastBookmarkId="0"/>
    <open-files xmlns="http://www.netbeans.org/ns/projectui-open-files/2">
        <group>
            <file>file:/D:/Uninove-2021-1/Disciplinas/Arquitetura%20de%20Software/MVCJSP/src/java/controller/Controller.java</file>
            <file>file:/D:/Uninove-2021-1/Disciplinas/Arquitetura%20de%20Software/MVCJSP/src/java/bean/Aluno.java</file>
            <file>file:/D:/Uninove-2021-1/Disciplinas/Arquitetura%20de%20Software/MVCJSP/src/java/controller/Model.java</file>
        </group>
    </open-files>
</project-private>
